[{"model": "admin.logentry", "pk": 1, "fields": {"action_time": "2021-12-07T16:44:29.823", "user": 1, "content_type": 10, "object_id": "1", "object_repr": "student", "action_flag": 1, "change_message": "[{\"added\": {}}]"}}, {"model": "admin.logentry", "pk": 2, "fields": {"action_time": "2021-12-07T16:44:36.991", "user": 1, "content_type": 10, "object_id": "2", "object_repr": "adult", "action_flag": 1, "change_message": "[{\"added\": {}}]"}}, {"model": "admin.logentry", "pk": 3, "fields": {"action_time": "2021-12-07T16:44:49.381", "user": 1, "content_type": 10, "object_id": "3", "object_repr": "child", "action_flag": 1, "change_message": "[{\"added\": {}}]"}}, {"model": "admin.logentry", "pk": 4, "fields": {"action_time": "2021-12-07T16:44:55.256", "user": 1, "content_type": 10, "object_id": "4", "object_repr": "senior", "action_flag": 1, "change_message": "[{\"added\": {}}]"}}, {"model": "admin.logentry", "pk": 5, "fields": {"action_time": "2021-12-07T16:45:09.071", "user": 1, "content_type": 8, "object_id": "1", "object_repr": "novel", "action_flag": 1, "change_message": "[{\"added\": {}}]"}}, {"model": "admin.logentry", "pk": 6, "fields": {"action_time": "2021-12-07T16:45:15.737", "user": 1, "content_type": 8, "object_id": "2", "object_repr": "comic", "action_flag": 1, "change_message": "[{\"added\": {}}]"}}, {"model": "admin.logentry", "pk": 7, "fields": {"action_time": "2021-12-07T16:45:33.593", "user": 1, "content_type": 8, "object_id": "3", "object_repr": "pop", "action_flag": 1, "change_message": "[{\"added\": {}}]"}}, {"model": "admin.logentry", "pk": 8, "fields": {"action_time": "2021-12-07T16:45:38.239", "user": 1, "content_type": 8, "object_id": "4", "object_repr": "rock", "action_flag": 1, "change_message": "[{\"added\": {}}]"}}, {"model": "admin.logentry", "pk": 9, "fields": {"action_time": "2021-12-07T16:45:43.169", "user": 1, "content_type": 8, "object_id": "5", "object_repr": "classical", "action_flag": 1, "change_message": "[{\"added\": {}}]"}}, {"model": "admin.logentry", "pk": 10, "fields": {"action_time": "2021-12-07T16:45:53.723", "user": 1, "content_type": 8, "object_id": "6", "object_repr": "non-fiction", "action_flag": 1, "change_message": "[{\"added\": {}}]"}}, {"model": "admin.logentry", "pk": 11, "fields": {"action_time": "2021-12-07T16:46:15.156", "user": 1, "content_type": 7, "object_id": "1", "object_repr": "Victor Hugo", "action_flag": 1, "change_message": "[{\"added\": {}}]"}}, {"model": "admin.logentry", "pk": 12, "fields": {"action_time": "2021-12-07T16:46:21.773", "user": 1, "content_type": 7, "object_id": "2", "object_repr": "Dua Lipa", "action_flag": 1, "change_message": "[{\"added\": {}}]"}}, {"model": "admin.logentry", "pk": 13, "fields": {"action_time": "2021-12-07T16:46:30.435", "user": 1, "content_type": 7, "object_id": "3", "object_repr": "The Beatles", "action_flag": 1, "change_message": "[{\"added\": {}}]"}}, {"model": "admin.logentry", "pk": 14, "fields": {"action_time": "2021-12-07T16:47:07.668", "user": 1, "content_type": 7, "object_id": "4", "object_repr": "Alfred Hitchcock", "action_flag": 1, "change_message": "[{\"added\": {}}]"}}, {"model": "admin.logentry", "pk": 15, "fields": {"action_time": "2021-12-07T16:47:20.588", "user": 1, "content_type": 8, "object_id": "7", "object_repr": "horror", "action_flag": 1, "change_message": "[{\"added\": {}}]"}}, {"model": "admin.logentry", "pk": 16, "fields": {"action_time": "2021-12-07T16:47:26.011", "user": 1, "content_type": 8, "object_id": "8", "object_repr": "action", "action_flag": 1, "change_message": "[{\"added\": {}}]"}}, {"model": "admin.logentry", "pk": 17, "fields": {"action_time": "2021-12-07T16:48:23.188", "user": 1, "content_type": 8, "object_id": "9", "object_repr": "theatre", "action_flag": 1, "change_message": "[{\"added\": {}}]"}}, {"model": "admin.logentry", "pk": 18, "fields": {"action_time": "2021-12-07T16:48:50.880", "user": 1, "content_type": 9, "object_id": "1", "object_repr": "Hernani", "action_flag": 1, "change_message": "[{\"added\": {}}]"}}, {"model": "admin.logentry", "pk": 19, "fields": {"action_time": "2021-12-07T16:49:10.988", "user": 1, "content_type": 9, "object_id": "2", "object_repr": "Les MisÚrables", "action_flag": 1, "change_message": "[{\"added\": {}}]"}}, {"model": "admin.logentry", "pk": 20, "fields": {"action_time": "2021-12-07T16:49:27.634", "user": 1, "content_type": 9, "object_id": "3", "object_repr": "Future Nostalgia", "action_flag": 1, "change_message": "[{\"added\": {}}]"}}, {"model": "admin.logentry", "pk": 21, "fields": {"action_time": "2021-12-07T16:50:39.307", "user": 1, "content_type": 9, "object_id": "4", "object_repr": "The Birds", "action_flag": 1, "change_message": "[{\"added\": {}}]"}}, {"model": "admin.logentry", "pk": 22, "fields": {"action_time": "2021-12-07T16:51:10.128", "user": 1, "content_type": 8, "object_id": "10", "object_repr": "mystery", "action_flag": 1, "change_message": "[{\"added\": {}}]"}}, {"model": "admin.logentry", "pk": 23, "fields": {"action_time": "2021-12-07T16:51:22.524", "user": 1, "content_type": 9, "object_id": "5", "object_repr": "Rear Window", "action_flag": 1, "change_message": "[{\"added\": {}}]"}}, {"model": "admin.logentry", "pk": 24, "fields": {"action_time": "2021-12-07T17:54:28.084", "user": 1, "content_type": 7, "object_id": "5", "object_repr": "Charles Baudelaire", "action_flag": 1, "change_message": "[{\"added\": {}}]"}}, {"model": "admin.logentry", "pk": 25, "fields": {"action_time": "2021-12-07T17:55:13.229", "user": 1, "content_type": 7, "object_id": "6", "object_repr": "Albert Camus", "action_flag": 1, "change_message": "[{\"added\": {}}]"}}, {"model": "admin.logentry", "pk": 26, "fields": {"action_time": "2021-12-07T17:56:24.715", "user": 1, "content_type": 7, "object_id": "7", "object_repr": "Voltaire -", "action_flag": 1, "change_message": "[{\"added\": {}}]"}}, {"model": "admin.logentry", "pk": 27, "fields": {"action_time": "2021-12-07T17:56:55.891", "user": 1, "content_type": 7, "object_id": "3", "object_repr": "The Beatles", "action_flag": 2, "change_message": "[]"}}, {"model": "admin.logentry", "pk": 28, "fields": {"action_time": "2021-12-07T17:57:48.583", "user": 1, "content_type": 7, "object_id": "8", "object_repr": "Charles Aznavour", "action_flag": 1, "change_message": "[{\"added\": {}}]"}}, {"model": "admin.logentry", "pk": 29, "fields": {"action_time": "2021-12-07T17:58:14.349", "user": 1, "content_type": 7, "object_id": "9", "object_repr": "Guillaume Musso", "action_flag": 1, "change_message": "[{\"added\": {}}]"}}, {"model": "admin.logentry", "pk": 30, "fields": {"action_time": "2021-12-07T17:58:54.075", "user": 1, "content_type": 11, "object_id": "1", "object_repr": " (copy id 1)", "action_flag": 2, "change_message": "[]"}}, {"model": "admin.logentry", "pk": 31, "fields": {"action_time": "2021-12-07T17:59:14.461", "user": 1, "content_type": 9, "object_id": "4", "object_repr": "The Birds", "action_flag": 2, "change_message": "[]"}}, {"model": "admin.logentry", "pk": 32, "fields": {"action_time": "2021-12-07T17:59:41.766", "user": 1, "content_type": 9, "object_id": "6", "object_repr": "L'Etranger", "action_flag": 1, "change_message": "[{\"added\": {}}]"}}, {"model": "admin.logentry", "pk": 33, "fields": {"action_time": "2021-12-07T18:00:11.206", "user": 1, "content_type": 9, "object_id": "7", "object_repr": "La peste", "action_flag": 1, "change_message": "[{\"added\": {}}]"}}, {"model": "admin.logentry", "pk": 34, "fields": {"action_time": "2021-12-07T18:00:31.459", "user": 1, "content_type": 9, "object_id": "8", "object_repr": "La chute", "action_flag": 1, "change_message": "[{\"added\": {}}]"}}, {"model": "admin.logentry", "pk": 35, "fields": {"action_time": "2021-12-07T18:00:57.116", "user": 1, "content_type": 9, "object_id": "9", "object_repr": "Les fleurs de Paris", "action_flag": 1, "change_message": "[{\"added\": {}}]"}}, {"model": "admin.logentry", "pk": 36, "fields": {"action_time": "2021-12-07T18:01:25.370", "user": 1, "content_type": 9, "object_id": "10", "object_repr": "Le spleen de Paris", "action_flag": 1, "change_message": "[{\"added\": {}}]"}}, {"model": "admin.logentry", "pk": 37, "fields": {"action_time": "2021-12-07T18:01:51.891", "user": 1, "content_type": 9, "object_id": "11", "object_repr": "Emmenez-moi", "action_flag": 1, "change_message": "[{\"added\": {}}]"}}, {"model": "admin.logentry", "pk": 38, "fields": {"action_time": "2021-12-07T18:02:41.286", "user": 1, "content_type": 9, "object_id": "12", "object_repr": "La BohÞme", "action_flag": 1, "change_message": "[{\"added\": {}}]"}}, {"model": "admin.logentry", "pk": 39, "fields": {"action_time": "2021-12-07T18:03:31.868", "user": 1, "content_type": 8, "object_id": "11", "object_repr": "autobiography", "action_flag": 1, "change_message": "[{\"added\": {}}]"}}, {"model": "admin.logentry", "pk": 40, "fields": {"action_time": "2021-12-07T18:03:40.711", "user": 1, "content_type": 9, "object_id": "13", "object_repr": "Aznavour par Aznavour", "action_flag": 1, "change_message": "[{\"added\": {}}]"}}, {"model": "admin.logentry", "pk": 41, "fields": {"action_time": "2021-12-07T18:04:42.310", "user": 1, "content_type": 9, "object_id": "14", "object_repr": "Les intrus", "action_flag": 1, "change_message": "[{\"added\": {}}]"}}, {"model": "admin.logentry", "pk": 42, "fields": {"action_time": "2021-12-07T18:04:53.543", "user": 1, "content_type": 9, "object_id": "14", "object_repr": "Les intrus", "action_flag": 2, "change_message": "[]"}}, {"model": "admin.logentry", "pk": 43, "fields": {"action_time": "2021-12-07T18:05:05.703", "user": 1, "content_type": 10, "object_id": "1", "object_repr": "student", "action_flag": 2, "change_message": "[]"}}, {"model": "admin.logentry", "pk": 44, "fields": {"action_time": "2021-12-07T18:05:08.287", "user": 1, "content_type": 10, "object_id": "2", "object_repr": "adult", "action_flag": 2, "change_message": "[]"}}, {"model": "admin.logentry", "pk": 45, "fields": {"action_time": "2021-12-07T18:05:10.769", "user": 1, "content_type": 10, "object_id": "4", "object_repr": "senior", "action_flag": 2, "change_message": "[]"}}, {"model": "admin.logentry", "pk": 46, "fields": {"action_time": "2021-12-07T18:05:12.569", "user": 1, "content_type": 10, "object_id": "3", "object_repr": "child", "action_flag": 2, "change_message": "[]"}}, {"model": "admin.logentry", "pk": 47, "fields": {"action_time": "2021-12-07T18:05:21.892", "user": 1, "content_type": 10, "object_id": "4", "object_repr": "senior", "action_flag": 2, "change_message": "[{\"changed\": {\"fields\": [\"Yearly subscription price\"]}}]"}}, {"model": "admin.logentry", "pk": 48, "fields": {"action_time": "2021-12-07T18:06:20.430", "user": 1, "content_type": 10, "object_id": "5", "object_repr": "admin", "action_flag": 1, "change_message": "[{\"added\": {}}]"}}, {"model": "admin.logentry", "pk": 49, "fields": {"action_time": "2021-12-07T18:06:28.395", "user": 1, "content_type": 6, "object_id": "1", "object_repr": "admin", "action_flag": 2, "change_message": "[{\"changed\": {\"fields\": [\"Situation\"]}}]"}}, {"model": "admin.logentry", "pk": 50, "fields": {"action_time": "2021-12-07T18:20:42.175", "user": 1, "content_type": 3, "object_id": "1", "object_repr": "client", "action_flag": 1, "change_message": "[{\"added\": {}}]"}}, {"model": "admin.logentry", "pk": 51, "fields": {"action_time": "2021-12-07T18:20:56.217", "user": 1, "content_type": 3, "object_id": "2", "object_repr": "super_admin", "action_flag": 1, "change_message": "[{\"added\": {}}]"}}, {"model": "admin.logentry", "pk": 52, "fields": {"action_time": "2021-12-07T18:21:45.239", "user": 1, "content_type": 3, "object_id": "3", "object_repr": "gerant", "action_flag": 1, "change_message": "[{\"added\": {}}]"}}, {"model": "admin.logentry", "pk": 53, "fields": {"action_time": "2021-12-07T18:23:03.062", "user": 1, "content_type": 3, "object_id": "4", "object_repr": "employe", "action_flag": 1, "change_message": "[{\"added\": {}}]"}}, {"model": "admin.logentry", "pk": 54, "fields": {"action_time": "2021-12-07T18:24:38.166", "user": 1, "content_type": 6, "object_id": "2", "object_repr": "Client_1", "action_flag": 1, "change_message": "[{\"added\": {}}]"}}, {"model": "admin.logentry", "pk": 55, "fields": {"action_time": "2021-12-07T18:42:21.298", "user": 1, "content_type": 6, "object_id": "3", "object_repr": "Employe_1", "action_flag": 1, "change_message": "[{\"added\": {}}]"}}, {"model": "admin.logentry", "pk": 56, "fields": {"action_time": "2021-12-07T18:43:21.723", "user": 1, "content_type": 6, "object_id": "4", "object_repr": "employe_2", "action_flag": 1, "change_message": "[{\"added\": {}}]"}}, {"model": "admin.logentry", "pk": 57, "fields": {"action_time": "2021-12-07T18:44:21.386", "user": 1, "content_type": 6, "object_id": "5", "object_repr": "Client_2", "action_flag": 1, "change_message": "[{\"added\": {}}]"}}, {"model": "admin.logentry", "pk": 58, "fields": {"action_time": "2021-12-07T18:45:06.195", "user": 1, "content_type": 6, "object_id": "6", "object_repr": "Client_3", "action_flag": 1, "change_message": "[{\"added\": {}}]"}}, {"model": "admin.logentry", "pk": 59, "fields": {"action_time": "2021-12-07T18:45:53.890", "user": 1, "content_type": 6, "object_id": "7", "object_repr": "Gerant", "action_flag": 1, "change_message": "[{\"added\": {}}]"}}, {"model": "admin.logentry", "pk": 60, "fields": {"action_time": "2021-12-08T11:46:45.086", "user": 1, "content_type": 9, "object_id": "5", "object_repr": "Rear Window", "action_flag": 2, "change_message": "[{\"changed\": {\"fields\": [\"Type\", \"Author\"]}}]"}}, {"model": "admin.logentry", "pk": 61, "fields": {"action_time": "2021-12-08T11:46:52.616", "user": 1, "content_type": 9, "object_id": "4", "object_repr": "The Birds", "action_flag": 2, "change_message": "[]"}}, {"model": "admin.logentry", "pk": 62, "fields": {"action_time": "2021-12-08T11:47:20.087", "user": 1, "content_type": 6, "object_id": "4", "object_repr": "employe_2", "action_flag": 3, "change_message": ""}}, {"model": "admin.logentry", "pk": 63, "fields": {"action_time": "2021-12-08T11:47:20.103", "user": 1, "content_type": 6, "object_id": "3", "object_repr": "Employe_1", "action_flag": 3, "change_message": ""}}, {"model": "admin.logentry", "pk": 64, "fields": {"action_time": "2021-12-08T11:47:40.885", "user": 1, "content_type": 6, "object_id": "6", "object_repr": "Client_3", "action_flag": 2, "change_message": "[]"}}, {"model": "admin.logentry", "pk": 65, "fields": {"action_time": "2021-12-08T11:51:30.756", "user": 1, "content_type": 6, "object_id": "7", "object_repr": "Derek Tom", "action_flag": 2, "change_message": "[{\"changed\": {\"fields\": [\"Banned until\"]}}]"}}, {"model": "admin.logentry", "pk": 66, "fields": {"action_time": "2021-12-08T11:51:37.980", "user": 1, "content_type": 6, "object_id": "6", "object_repr": "Camille Onette", "action_flag": 2, "change_message": "[{\"changed\": {\"fields\": [\"Banned until\"]}}]"}}, {"model": "admin.logentry", "pk": 67, "fields": {"action_time": "2021-12-08T11:51:45.047", "user": 1, "content_type": 6, "object_id": "5", "object_repr": "Burt Hatartine", "action_flag": 2, "change_message": "[{\"changed\": {\"fields\": [\"Banned until\"]}}]"}}, {"model": "admin.logentry", "pk": 68, "fields": {"action_time": "2021-12-08T11:51:59.526", "user": 1, "content_type": 6, "object_id": "2", "object_repr": "Toto Tata", "action_flag": 2, "change_message": "[{\"changed\": {\"fields\": [\"Banned until\"]}}]"}}, {"model": "admin.logentry", "pk": 69, "fields": {"action_time": "2021-12-08T11:52:43.387", "user": 1, "content_type": 6, "object_id": "1", "object_repr": "Admin admin", "action_flag": 2, "change_message": "[{\"changed\": {\"fields\": [\"First name\", \"Last name\", \"Banned until\"]}}]"}}, {"model": "admin.logentry", "pk": 70, "fields": {"action_time": "2021-12-08T11:53:25.299", "user": 1, "content_type": 9, "object_id": "2", "object_repr": "Les Misérables", "action_flag": 2, "change_message": "[{\"changed\": {\"fields\": [\"Title\"]}}]"}}, {"model": "admin.logentry", "pk": 71, "fields": {"action_time": "2021-12-08T12:03:37.887", "user": 1, "content_type": 12, "object_id": "1", "object_repr": "due date : 2022-01-06 17:42:11", "action_flag": 3, "change_message": ""}}, {"model": "admin.logentry", "pk": 72, "fields": {"action_time": "2021-12-08T12:03:37.904", "user": 1, "content_type": 12, "object_id": "3", "object_repr": "due date : 2022-01-06 17:43:56", "action_flag": 3, "change_message": ""}}, {"model": "admin.logentry", "pk": 73, "fields": {"action_time": "2021-12-08T12:03:37.910", "user": 1, "content_type": 12, "object_id": "4", "object_repr": "due date : 2022-01-06 17:43:59", "action_flag": 3, "change_message": ""}}, {"model": "admin.logentry", "pk": 74, "fields": {"action_time": "2021-12-08T12:03:37.916", "user": 1, "content_type": 12, "object_id": "5", "object_repr": "due date : 2022-01-06 18:53:14", "action_flag": 3, "change_message": ""}}, {"model": "admin.logentry", "pk": 75, "fields": {"action_time": "2021-12-08T12:03:37.920", "user": 1, "content_type": 12, "object_id": "2", "object_repr": "due date : 2022-01-20 17:42:49", "action_flag": 3, "change_message": ""}}, {"model": "admin.logentry", "pk": 76, "fields": {"action_time": "2021-12-08T12:09:38.744", "user": 1, "content_type": 6, "object_id": "6", "object_repr": "Camille Onette", "action_flag": 2, "change_message": "[{\"changed\": {\"fields\": [\"Banned until\"]}}]"}}, {"model": "admin.logentry", "pk": 77, "fields": {"action_time": "2021-12-08T12:09:45.188", "user": 1, "content_type": 6, "object_id": "7", "object_repr": "Derek Tom", "action_flag": 2, "change_message": "[{\"changed\": {\"fields\": [\"Banned until\"]}}]"}}, {"model": "admin.logentry", "pk": 78, "fields": {"action_time": "2021-12-08T12:09:51.841", "user": 1, "content_type": 6, "object_id": "2", "object_repr": "Toto Tata", "action_flag": 2, "change_message": "[{\"changed\": {\"fields\": [\"Banned until\"]}}]"}}, {"model": "admin.logentry", "pk": 79, "fields": {"action_time": "2021-12-08T12:09:58.967", "user": 1, "content_type": 6, "object_id": "1", "object_repr": "Admin admin", "action_flag": 2, "change_message": "[{\"changed\": {\"fields\": [\"Banned until\"]}}]"}}, {"model": "admin.logentry", "pk": 80, "fields": {"action_time": "2021-12-08T12:10:05.480", "user": 1, "content_type": 6, "object_id": "5", "object_repr": "Burt Hatartine", "action_flag": 2, "change_message": "[{\"changed\": {\"fields\": [\"Banned until\"]}}]"}}, {"model": "admin.logentry", "pk": 81, "fields": {"action_time": "2021-12-08T12:10:10.878", "user": 1, "content_type": 6, "object_id": "6", "object_repr": "Camille Onette", "action_flag": 2, "change_message": "[]"}}, {"model": "admin.logentry", "pk": 82, "fields": {"action_time": "2021-12-08T13:19:30.502", "user": 1, "content_type": 12, "object_id": "6", "object_repr": "due date : 2022-01-07 12:14:11", "action_flag": 3, "change_message": ""}}, {"model": "admin.logentry", "pk": 83, "fields": {"action_time": "2021-12-08T13:19:30.537", "user": 1, "content_type": 12, "object_id": "7", "object_repr": "due date : 2022-01-07 12:14:37", "action_flag": 3, "change_message": ""}}, {"model": "admin.logentry", "pk": 84, "fields": {"action_time": "2021-12-08T13:20:23.339", "user": 1, "content_type": 11, "object_id": "3", "object_repr": " (copy id 3)", "action_flag": 3, "change_message": ""}}, {"model": "admin.logentry", "pk": 85, "fields": {"action_time": "2021-12-08T13:20:39.923", "user": 1, "content_type": 11, "object_id": "12", "object_repr": " (copy id 12)", "action_flag": 3, "change_message": ""}}, {"model": "admin.logentry", "pk": 86, "fields": {"action_time": "2021-12-08T13:20:39.935", "user": 1, "content_type": 11, "object_id": "11", "object_repr": " (copy id 11)", "action_flag": 3, "change_message": ""}}, {"model": "admin.logentry", "pk": 87, "fields": {"action_time": "2021-12-08T13:20:39.942", "user": 1, "content_type": 11, "object_id": "10", "object_repr": " (copy id 10)", "action_flag": 3, "change_message": ""}}, {"model": "admin.logentry", "pk": 88, "fields": {"action_time": "2021-12-08T13:20:39.947", "user": 1, "content_type": 11, "object_id": "9", "object_repr": " (copy id 9)", "action_flag": 3, "change_message": ""}}, {"model": "admin.logentry", "pk": 89, "fields": {"action_time": "2021-12-08T13:20:39.953", "user": 1, "content_type": 11, "object_id": "8", "object_repr": " (copy id 8)", "action_flag": 3, "change_message": ""}}, {"model": "admin.logentry", "pk": 90, "fields": {"action_time": "2021-12-08T13:20:39.960", "user": 1, "content_type": 11, "object_id": "1", "object_repr": " (copy id 1)", "action_flag": 3, "change_message": ""}}, {"model": "admin.logentry", "pk": 91, "fields": {"action_time": "2021-12-08T13:20:39.966", "user": 1, "content_type": 11, "object_id": "7", "object_repr": " (copy id 7)", "action_flag": 3, "change_message": ""}}, {"model": "admin.logentry", "pk": 92, "fields": {"action_time": "2021-12-08T13:20:39.972", "user": 1, "content_type": 11, "object_id": "6", "object_repr": " (copy id 6)", "action_flag": 3, "change_message": ""}}, {"model": "admin.logentry", "pk": 93, "fields": {"action_time": "2021-12-08T13:20:39.987", "user": 1, "content_type": 11, "object_id": "5", "object_repr": " (copy id 5)", "action_flag": 3, "change_message": ""}}, {"model": "admin.logentry", "pk": 94, "fields": {"action_time": "2021-12-08T13:20:39.993", "user": 1, "content_type": 11, "object_id": "4", "object_repr": " (copy id 4)", "action_flag": 3, "change_message": ""}}, {"model": "admin.logentry", "pk": 95, "fields": {"action_time": "2021-12-08T13:20:40.000", "user": 1, "content_type": 11, "object_id": "15", "object_repr": " (copy id 15)", "action_flag": 3, "change_message": ""}}, {"model": "admin.logentry", "pk": 96, "fields": {"action_time": "2021-12-08T13:20:40.006", "user": 1, "content_type": 11, "object_id": "14", "object_repr": " (copy id 14)", "action_flag": 3, "change_message": ""}}, {"model": "admin.logentry", "pk": 97, "fields": {"action_time": "2021-12-08T13:20:40.013", "user": 1, "content_type": 11, "object_id": "13", "object_repr": " (copy id 13)", "action_flag": 3, "change_message": ""}}, {"model": "admin.logentry", "pk": 98, "fields": {"action_time": "2021-12-08T13:20:40.019", "user": 1, "content_type": 11, "object_id": "16", "object_repr": " (copy id 16)", "action_flag": 3, "change_message": ""}}, {"model": "admin.logentry", "pk": 99, "fields": {"action_time": "2021-12-08T13:20:40.025", "user": 1, "content_type": 11, "object_id": "2", "object_repr": " (copy id 2)", "action_flag": 3, "change_message": ""}}, {"model": "admin.logentry", "pk": 100, "fields": {"action_time": "2021-12-08T13:20:40.031", "user": 1, "content_type": 11, "object_id": "24", "object_repr": " (copy id 24)", "action_flag": 3, "change_message": ""}}, {"model": "admin.logentry", "pk": 101, "fields": {"action_time": "2021-12-08T13:20:40.040", "user": 1, "content_type": 11, "object_id": "23", "object_repr": " (copy id 23)", "action_flag": 3, "change_message": ""}}, {"model": "admin.logentry", "pk": 102, "fields": {"action_time": "2021-12-08T13:20:40.046", "user": 1, "content_type": 11, "object_id": "19", "object_repr": " (copy id 19)", "action_flag": 3, "change_message": ""}}, {"model": "admin.logentry", "pk": 103, "fields": {"action_time": "2021-12-08T13:20:40.052", "user": 1, "content_type": 11, "object_id": "18", "object_repr": " (copy id 18)", "action_flag": 3, "change_message": ""}}, {"model": "admin.logentry", "pk": 104, "fields": {"action_time": "2021-12-08T13:20:40.059", "user": 1, "content_type": 11, "object_id": "22", "object_repr": " (copy id 22)", "action_flag": 3, "change_message": ""}}, {"model": "admin.logentry", "pk": 105, "fields": {"action_time": "2021-12-08T13:20:40.064", "user": 1, "content_type": 11, "object_id": "21", "object_repr": " (copy id 21)", "action_flag": 3, "change_message": ""}}, {"model": "admin.logentry", "pk": 106, "fields": {"action_time": "2021-12-08T13:20:40.071", "user": 1, "content_type": 11, "object_id": "20", "object_repr": " (copy id 20)", "action_flag": 3, "change_message": ""}}, {"model": "admin.logentry", "pk": 107, "fields": {"action_time": "2021-12-08T13:20:40.079", "user": 1, "content_type": 11, "object_id": "17", "object_repr": " (copy id 17)", "action_flag": 3, "change_message": ""}}, {"model": "admin.logentry", "pk": 108, "fields": {"action_time": "2021-12-08T14:42:13.147", "user": 1, "content_type": 9, "object_id": "13", "object_repr": "Aznavour par Aznavour", "action_flag": 2, "change_message": "[{\"changed\": {\"fields\": [\"Genre\"]}}]"}}, {"model": "admin.logentry", "pk": 109, "fields": {"action_time": "2021-12-08T14:42:41.203", "user": 1, "content_type": 9, "object_id": "12", "object_repr": "La Bohème", "action_flag": 2, "change_message": "[{\"changed\": {\"fields\": [\"Title\", \"Genre\"]}}]"}}, {"model": "admin.logentry", "pk": 110, "fields": {"action_time": "2021-12-08T15:06:02.771", "user": 1, "content_type": 7, "object_id": "10", "object_repr": "John Lenon", "action_flag": 1, "change_message": "[{\"added\": {}}]"}}, {"model": "admin.logentry", "pk": 111, "fields": {"action_time": "2021-12-08T15:06:27.468", "user": 1, "content_type": 8, "object_id": "12", "object_repr": "fiction", "action_flag": 1, "change_message": "[{\"added\": {}}]"}}, {"model": "auth.permission", "pk": 1, "fields": {"name": "Can add log entry", "content_type": 1, "codename": "add_logentry"}}, {"model": "auth.permission", "pk": 2, "fields": {"name": "Can change log entry", "content_type": 1, "codename": "change_logentry"}}, {"model": "auth.permission", "pk": 3, "fields": {"name": "Can delete log entry", "content_type": 1, "codename": "delete_logentry"}}, {"model": "auth.permission", "pk": 4, "fields": {"name": "Can view log entry", "content_type": 1, "codename": "view_logentry"}}, {"model": "auth.permission", "pk": 5, "fields": {"name": "Can add permission", "content_type": 2, "codename": "add_permission"}}, {"model": "auth.permission", "pk": 6, "fields": {"name": "Can change permission", "content_type": 2, "codename": "change_permission"}}, {"model": "auth.permission", "pk": 7, "fields": {"name": "Can delete permission", "content_type": 2, "codename": "delete_permission"}}, {"model": "auth.permission", "pk": 8, "fields": {"name": "Can view permission", "content_type": 2, "codename": "view_permission"}}, {"model": "auth.permission", "pk": 9, "fields": {"name": "Can add group", "content_type": 3, "codename": "add_group"}}, {"model": "auth.permission", "pk": 10, "fields": {"name": "Can change group", "content_type": 3, "codename": "change_group"}}, {"model": "auth.permission", "pk": 11, "fields": {"name": "Can delete group", "content_type": 3, "codename": "delete_group"}}, {"model": "auth.permission", "pk": 12, "fields": {"name": "Can view group", "content_type": 3, "codename": "view_group"}}, {"model": "auth.permission", "pk": 13, "fields": {"name": "Can add content type", "content_type": 4, "codename": "add_contenttype"}}, {"model": "auth.permission", "pk": 14, "fields": {"name": "Can change content type", "content_type": 4, "codename": "change_contenttype"}}, {"model": "auth.permission", "pk": 15, "fields": {"name": "Can delete content type", "content_type": 4, "codename": "delete_contenttype"}}, {"model": "auth.permission", "pk": 16, "fields": {"name": "Can view content type", "content_type": 4, "codename": "view_contenttype"}}, {"model": "auth.permission", "pk": 17, "fields": {"name": "Can add session", "content_type": 5, "codename": "add_session"}}, {"model": "auth.permission", "pk": 18, "fields": {"name": "Can change session", "content_type": 5, "codename": "change_session"}}, {"model": "auth.permission", "pk": 19, "fields": {"name": "Can delete session", "content_type": 5, "codename": "delete_session"}}, {"model": "auth.permission", "pk": 20, "fields": {"name": "Can view session", "content_type": 5, "codename": "view_session"}}, {"model": "auth.permission", "pk": 21, "fields": {"name": "Can add user", "content_type": 6, "codename": "add_user"}}, {"model": "auth.permission", "pk": 22, "fields": {"name": "Can change user", "content_type": 6, "codename": "change_user"}}, {"model": "auth.permission", "pk": 23, "fields": {"name": "Can delete user", "content_type": 6, "codename": "delete_user"}}, {"model": "auth.permission", "pk": 24, "fields": {"name": "Can view user", "content_type": 6, "codename": "view_user"}}, {"model": "auth.permission", "pk": 25, "fields": {"name": "Can add author", "content_type": 7, "codename": "add_author"}}, {"model": "auth.permission", "pk": 26, "fields": {"name": "Can change author", "content_type": 7, "codename": "change_author"}}, {"model": "auth.permission", "pk": 27, "fields": {"name": "Can delete author", "content_type": 7, "codename": "delete_author"}}, {"model": "auth.permission", "pk": 28, "fields": {"name": "Can view author", "content_type": 7, "codename": "view_author"}}, {"model": "auth.permission", "pk": 29, "fields": {"name": "Can add genre", "content_type": 8, "codename": "add_genre"}}, {"model": "auth.permission", "pk": 30, "fields": {"name": "Can change genre", "content_type": 8, "codename": "change_genre"}}, {"model": "auth.permission", "pk": 31, "fields": {"name": "Can delete genre", "content_type": 8, "codename": "delete_genre"}}, {"model": "auth.permission", "pk": 32, "fields": {"name": "Can view genre", "content_type": 8, "codename": "view_genre"}}, {"model": "auth.permission", "pk": 33, "fields": {"name": "Can add item", "content_type": 9, "codename": "add_item"}}, {"model": "auth.permission", "pk": 34, "fields": {"name": "Can change item", "content_type": 9, "codename": "change_item"}}, {"model": "auth.permission", "pk": 35, "fields": {"name": "Can delete item", "content_type": 9, "codename": "delete_item"}}, {"model": "auth.permission", "pk": 36, "fields": {"name": "Can view item", "content_type": 9, "codename": "view_item"}}, {"model": "auth.permission", "pk": 37, "fields": {"name": "Can add situation", "content_type": 10, "codename": "add_situation"}}, {"model": "auth.permission", "pk": 38, "fields": {"name": "Can change situation", "content_type": 10, "codename": "change_situation"}}, {"model": "auth.permission", "pk": 39, "fields": {"name": "Can delete situation", "content_type": 10, "codename": "delete_situation"}}, {"model": "auth.permission", "pk": 40, "fields": {"name": "Can view situation", "content_type": 10, "codename": "view_situation"}}, {"model": "auth.permission", "pk": 41, "fields": {"name": "Can add item instance", "content_type": 11, "codename": "add_iteminstance"}}, {"model": "auth.permission", "pk": 42, "fields": {"name": "Can change item instance", "content_type": 11, "codename": "change_iteminstance"}}, {"model": "auth.permission", "pk": 43, "fields": {"name": "Can delete item instance", "content_type": 11, "codename": "delete_iteminstance"}}, {"model": "auth.permission", "pk": 44, "fields": {"name": "Can view item instance", "content_type": 11, "codename": "view_iteminstance"}}, {"model": "auth.permission", "pk": 45, "fields": {"name": "Can add borrowing", "content_type": 12, "codename": "add_borrowing"}}, {"model": "auth.permission", "pk": 46, "fields": {"name": "Can change borrowing", "content_type": 12, "codename": "change_borrowing"}}, {"model": "auth.permission", "pk": 47, "fields": {"name": "Can delete borrowing", "content_type": 12, "codename": "delete_borrowing"}}, {"model": "auth.permission", "pk": 48, "fields": {"name": "Can view borrowing", "content_type": 12, "codename": "view_borrowing"}}, {"model": "auth.group", "pk": 1, "fields": {"name": "client", "permissions": [28, 48, 32, 36, 40]}}, {"model": "auth.group", "pk": 2, "fields": {"name": "super_admin", "permissions": [1, 2, 3, 4, 9, 10, 11, 12, 5, 6, 7, 8, 13, 14, 15, 16, 25, 26, 27, 28, 45, 46, 47, 48, 29, 30, 31, 32, 33, 34, 35, 36, 41, 42, 43, 44, 37, 38, 39, 40, 21, 22, 23, 24, 17, 18, 19, 20]}}, {"model": "auth.group", "pk": 3, "fields": {"name": "gerant", "permissions": [9, 10, 11, 12, 5, 6, 7, 8, 13, 14, 15, 16, 25, 26, 27, 28, 45, 46, 47, 48, 29, 30, 31, 32, 33, 34, 35, 36, 41, 42, 43, 44, 37, 38, 39, 40, 21, 22, 23, 24, 17, 18, 19, 20]}}, {"model": "auth.group", "pk": 4, "fields": {"name": "employe", "permissions": [13, 14, 15, 16, 25, 26, 27, 28, 45, 46, 47, 48, 29, 30, 31, 32, 33, 34, 35, 36, 41, 42, 43, 44, 37, 38, 39, 40, 21, 22, 23, 24, 17, 18, 19, 20]}}, {"model": "contenttypes.contenttype", "pk": 1, "fields": {"app_label": "admin", "model": "logentry"}}, {"model": "contenttypes.contenttype", "pk": 2, "fields": {"app_label": "auth", "model": "permission"}}, {"model": "contenttypes.contenttype", "pk": 3, "fields": {"app_label": "auth", "model": "group"}}, {"model": "contenttypes.contenttype", "pk": 4, "fields": {"app_label": "contenttypes", "model": "contenttype"}}, {"model": "contenttypes.contenttype", "pk": 5, "fields": {"app_label": "sessions", "model": "session"}}, {"model": "contenttypes.contenttype", "pk": 6, "fields": {"app_label": "core", "model": "user"}}, {"model": "contenttypes.contenttype", "pk": 7, "fields": {"app_label": "core", "model": "author"}}, {"model": "contenttypes.contenttype", "pk": 8, "fields": {"app_label": "core", "model": "genre"}}, {"model": "contenttypes.contenttype", "pk": 9, "fields": {"app_label": "core", "model": "item"}}, {"model": "contenttypes.contenttype", "pk": 10, "fields": {"app_label": "core", "model": "situation"}}, {"model": "contenttypes.contenttype", "pk": 11, "fields": {"app_label": "core", "model": "iteminstance"}}, {"model": "contenttypes.contenttype", "pk": 12, "fields": {"app_label": "core", "model": "borrowing"}}, {"model": "sessions.session", "pk": "4bge87ac3e5nu2zp89jt1kycpgz3122e", "fields": {"session_data": ".eJxVjMsOwiAQRf-FtSGADA-X7vsNZGBAqgaS0q6M_65NutDtPefcFwu4rTVsIy9hJnZhkp1-t4jpkdsO6I7t1nnqbV3myHeFH3TwqVN-Xg_376DiqN8aUkTtslAgRXKAmIyx0QoliyTlChYfNQA6bYry8gykFLlIWRdrktfs_QHg8zfT:1muuSr:zxRGAjwFKZ5kD2ufVUVby6hMUVK31KjSpY5GK4qIo70", "expire_date": "2021-12-22T11:46:21.329"}}, {"model": "sessions.session", "pk": "h0ngchugwlg20o0ourhgo59k2ssn9i8x", "fields": {"session_data": ".eJxVjMsOwiAQRf-FtSGADA-X7vsNZGBAqgaS0q6M_65NutDtPefcFwu4rTVsIy9hJnZhkp1-t4jpkdsO6I7t1nnqbV3myHeFH3TwqVN-Xg_376DiqN8aUkTtslAgRXKAmIyx0QoliyTlChYfNQA6bYry8gykFLlIWRdrktfs_QHg8zfT:1mucdT:xmnVWozeAKH4HnQj8Xxq1lkBIIBn3z6OFpQeffuW-VQ", "expire_date": "2021-12-21T16:44:07.833"}}, {"model": "sessions.session", "pk": "jukdee9ecv2hcsvslvunmlzjy7q2py49", "fields": {"session_data": ".eJxVjMsOwiAQRf-FtSGADA-X7vsNZGBAqgaS0q6M_65NutDtPefcFwu4rTVsIy9hJnZhkp1-t4jpkdsO6I7t1nnqbV3myHeFH3TwqVN-Xg_376DiqN8aUkTtslAgRXKAmIyx0QoliyTlChYfNQA6bYry8gykFLlIWRdrktfs_QHg8zfT:1n98hI:H5HJ0nJupJS1RuDv-BxBqtf0tPyc1-Tr55EvLWodoJg", "expire_date": "2022-01-30T17:48:04.899"}}, {"model": "core.situation", "pk": 1, "fields": {"situation": "student", "yearly_subscription_price": "0.00"}}, {"model": "core.situation", "pk": 2, "fields": {"situation": "adult", "yearly_subscription_price": "10.00"}}, {"model": "core.situation", "pk": 3, "fields": {"situation": "child", "yearly_subscription_price": "0.00"}}, {"model": "core.situation", "pk": 4, "fields": {"situation": "senior", "yearly_subscription_price": "5.00"}}, {"model": "core.situation", "pk": 5, "fields": {"situation": "admin", "yearly_subscription_price": "0.00"}}, {"model": "core.user", "pk": 1, "fields": {"password": "pbkdf2_sha256$260000$kTGjP5YIWXjz2YsJ1lplcD$vSbVw/UOmff5X0M+FwM7FpSYx2mH7+1/MiXbNVXciuE=", "last_login": "2021-12-08T11:46:21", "is_superuser": true, "username": "admin", "first_name": "Admin", "last_name": "admin", "email": "a@a.com", "is_staff": true, "is_active": true, "date_joined": "2021-12-07T16:43:49", "situation": 5, "banned_until": null, "subscription_end_date": null, "groups": [], "user_permissions": []}}, {"model": "core.user", "pk": 2, "fields": {"password": "client1", "last_login": null, "is_superuser": false, "username": "Client_1", "first_name": "Toto", "last_name": "Tata", "email": "tot.tata@aa.fr", "is_staff": false, "is_active": true, "date_joined": "2021-12-07T18:23:10", "situation": 1, "banned_until": null, "subscription_end_date": "2022-12-31", "groups": [1], "user_permissions": []}}, {"model": "core.user", "pk": 5, "fields": {"password": "Client_2", "last_login": null, "is_superuser": false, "username": "Client_2", "first_name": "Burt", "last_name": "Hatartine", "email": "burt.atartin@aa.fr", "is_staff": false, "is_active": true, "date_joined": "2021-12-07T18:43:21", "situation": 3, "banned_until": null, "subscription_end_date": null, "groups": [1], "user_permissions": []}}, {"model": "core.user", "pk": 6, "fields": {"password": "Client_3", "last_login": null, "is_superuser": false, "username": "Client_3", "first_name": "Camille", "last_name": "Onette", "email": "camille.onette@aa.fr", "is_staff": false, "is_active": true, "date_joined": "2021-12-07T18:44:21", "situation": 4, "banned_until": null, "subscription_end_date": "2022-03-08", "groups": [1], "user_permissions": []}}, {"model": "core.user", "pk": 7, "fields": {"password": "Gerant", "last_login": null, "is_superuser": false, "username": "Gerant", "first_name": "Derek", "last_name": "Tom", "email": "aa@aa.fr", "is_staff": false, "is_active": true, "date_joined": "2021-12-07T18:45:06", "situation": 5, "banned_until": null, "subscription_end_date": null, "groups": [3], "user_permissions": []}}, {"model": "core.author", "pk": 1, "fields": {"first_name": "Victor", "last_name": "Hugo", "date_of_birth": null, "date_of_death": null}}, {"model": "core.author", "pk": 2, "fields": {"first_name": "Dua", "last_name": "Lipa", "date_of_birth": null, "date_of_death": null}}, {"model": "core.author", "pk": 3, "fields": {"first_name": "The", "last_name": "Beatles", "date_of_birth": null, "date_of_death": null}}, {"model": "core.author", "pk": 4, "fields": {"first_name": "Alfred", "last_name": "Hitchcock", "date_of_birth": null, "date_of_death": null}}, {"model": "core.author", "pk": 5, "fields": {"first_name": "Charles", "last_name": "Baudelaire", "date_of_birth": "1821-04-01", "date_of_death": "1867-08-31"}}, {"model": "core.author", "pk": 6, "fields": {"first_name": "Albert", "last_name": "Camus", "date_of_birth": "1913-11-07", "date_of_death": "1960-01-04"}}, {"model": "core.author", "pk": 7, "fields": {"first_name": "Voltaire", "last_name": "-", "date_of_birth": "1694-11-21", "date_of_death": "1778-05-30"}}, {"model": "core.author", "pk": 8, "fields": {"first_name": "Charles", "last_name": "Aznavour", "date_of_birth": "1924-05-22", "date_of_death": "2018-10-01"}}, {"model": "core.author", "pk": 9, "fields": {"first_name": "Guillaume", "last_name": "Musso", "date_of_birth": "1974-06-06", "date_of_death": null}}, {"model": "core.author", "pk": 10, "fields": {"first_name": "John", "last_name": "Lenon", "date_of_birth": null, "date_of_death": null}}, {"model": "core.genre", "pk": 1, "fields": {"name": "novel"}}, {"model": "core.genre", "pk": 2, "fields": {"name": "comic"}}, {"model": "core.genre", "pk": 3, "fields": {"name": "pop"}}, {"model": "core.genre", "pk": 4, "fields": {"name": "rock"}}, {"model": "core.genre", "pk": 5, "fields": {"name": "classical"}}, {"model": "core.genre", "pk": 6, "fields": {"name": "non-fiction"}}, {"model": "core.genre", "pk": 7, "fields": {"name": "horror"}}, {"model": "core.genre", "pk": 8, "fields": {"name": "action"}}, {"model": "core.genre", "pk": 9, "fields": {"name": "theatre"}}, {"model": "core.genre", "pk": 10, "fields": {"name": "mystery"}}, {"model": "core.genre", "pk": 11, "fields": {"name": "autobiography"}}, {"model": "core.genre", "pk": 12, "fields": {"name": "fiction"}}, {"model": "core.item", "pk": 1, "fields": {"title": "Hernani", "type": "book", "description": "a play", "author": [1], "genre": [9, 12]}}, {"model": "core.item", "pk": 2, "fields": {"title": "Les Misérables", "type": "book", "description": "Great book !", "author": [1], "genre": [1]}}, {"model": "core.item", "pk": 3, "fields": {"title": "Future Nostalgia", "type": "cd", "description": "Wow !", "author": [2], "genre": [3]}}, {"model": "core.item", "pk": 4, "fields": {"title": "The Birds", "type": "dvd", "description": "Wow !", "author": [4], "genre": [7]}}, {"model": "core.item", "pk": 5, "fields": {"title": "Rear Window", "type": "dvd", "description": "Wow !", "author": [4], "genre": [10]}}, {"model": "core.item", "pk": 6, "fields": {"title": "L'Etranger", "type": "book", "description": "compliquÚ", "author": [6], "genre": [1]}}, {"model": "core.item", "pk": 7, "fields": {"title": "La peste", "type": "book", "description": "fascinant", "author": [6], "genre": [1]}}, {"model": "core.item", "pk": 8, "fields": {"title": "La chute", "type": "book", "description": "bof", "author": [6], "genre": [1]}}, {"model": "core.item", "pk": 9, "fields": {"title": "Les fleurs de Paris", "type": "book", "description": "trÞs beau", "author": [5], "genre": [1]}}, {"model": "core.item", "pk": 10, "fields": {"title": "Le spleen de Paris", "type": "book", "description": "A mÚditer", "author": [5], "genre": [1]}}, {"model": "core.item", "pk": 11, "fields": {"title": "Emmenez-moi", "type": "cd", "description": "Un classique", "author": [8], "genre": [5]}}, {"model": "core.item", "pk": 12, "fields": {"title": "La Bohème", "type": "cd", "description": "Magnifique", "author": [8], "genre": [3, 5]}}, {"model": "core.item", "pk": 13, "fields": {"title": "Aznavour par Aznavour", "type": "book", "description": "A lire absolument", "author": [8], "genre": [6, 11]}}, {"model": "core.item", "pk": 14, "fields": {"title": "Les intrus", "type": "dvd", "description": "A voir et revoir", "author": [8], "genre": [9]}}, {"model": "core.item", "pk": 15, "fields": {"title": "Penny Lane", "type": "cd", "description": "great album !", "author": [3], "genre": [3, 4]}}, {"model": "core.iteminstance", "pk": 25, "fields": {"item": 1, "status": "a", "condition": "poor"}}, {"model": "core.iteminstance", "pk": 26, "fields": {"item": 1, "status": "a", "condition": "poor"}}, {"model": "core.iteminstance", "pk": 27, "fields": {"item": 1, "status": "a", "condition": "as_new"}}, {"model": "core.iteminstance", "pk": 28, "fields": {"item": 2, "status": "l", "condition": "as_new"}}, {"model": "core.iteminstance", "pk": 29, "fields": {"item": 2, "status": "l", "condition": "as_new"}}, {"model": "core.iteminstance", "pk": 30, "fields": {"item": 3, "status": "a", "condition": "as_new"}}, {"model": "core.iteminstance", "pk": 31, "fields": {"item": 3, "status": "a", "condition": "poor"}}, {"model": "core.iteminstance", "pk": 32, "fields": {"item": 4, "status": "a", "condition": "poor"}}, {"model": "core.iteminstance", "pk": 33, "fields": {"item": 5, "status": "l", "condition": "as_new"}}, {"model": "core.iteminstance", "pk": 34, "fields": {"item": 5, "status": "l", "condition": "as_new"}}, {"model": "core.iteminstance", "pk": 35, "fields": {"item": 5, "status": "a", "condition": "as_new"}}, {"model": "core.iteminstance", "pk": 36, "fields": {"item": 6, "status": "a", "condition": "poor"}}, {"model": "core.iteminstance", "pk": 37, "fields": {"item": 6, "status": "a", "condition": "poor"}}, {"model": "core.iteminstance", "pk": 38, "fields": {"item": 6, "status": "a", "condition": "poor"}}, {"model": "core.iteminstance", "pk": 39, "fields": {"item": 7, "status": "a", "condition": "good"}}, {"model": "core.iteminstance", "pk": 40, "fields": {"item": 7, "status": "a", "condition": "poor"}}, {"model": "core.iteminstance", "pk": 41, "fields": {"item": 7, "status": "a", "condition": "as_new"}}, {"model": "core.iteminstance", "pk": 42, "fields": {"item": 8, "status": "a", "condition": "as_new"}}, {"model": "core.iteminstance", "pk": 43, "fields": {"item": 8, "status": "a", "condition": "poor"}}, {"model": "core.iteminstance", "pk": 44, "fields": {"item": 9, "status": "u", "condition": "good"}}, {"model": "core.iteminstance", "pk": 45, "fields": {"item": 9, "status": "u", "condition": "poor"}}, {"model": "core.iteminstance", "pk": 46, "fields": {"item": 9, "status": "l", "condition": "good"}}, {"model": "core.iteminstance", "pk": 47, "fields": {"item": 9, "status": "a", "condition": "poor"}}, {"model": "core.iteminstance", "pk": 48, "fields": {"item": 10, "status": "a", "condition": "as_new"}}, {"model": "core.iteminstance", "pk": 49, "fields": {"item": 11, "status": "a", "condition": null}}, {"model": "core.iteminstance", "pk": 50, "fields": {"item": 11, "status": "a", "condition": null}}, {"model": "core.iteminstance", "pk": 51, "fields": {"item": 11, "status": "a", "condition": null}}, {"model": "core.iteminstance", "pk": 52, "fields": {"item": 12, "status": "l", "condition": null}}, {"model": "core.iteminstance", "pk": 53, "fields": {"item": 12, "status": "l", "condition": null}}, {"model": "core.iteminstance", "pk": 54, "fields": {"item": 12, "status": "a", "condition": null}}, {"model": "core.iteminstance", "pk": 55, "fields": {"item": 12, "status": "a", "condition": null}}, {"model": "core.iteminstance", "pk": 56, "fields": {"item": 12, "status": "a", "condition": null}}, {"model": "core.iteminstance", "pk": 57, "fields": {"item": 13, "status": "a", "condition": "as_new"}}, {"model": "core.iteminstance", "pk": 58, "fields": {"item": 13, "status": "a", "condition": null}}, {"model": "core.iteminstance", "pk": 59, "fields": {"item": 14, "status": "a", "condition": "as_new"}}, {"model": "core.iteminstance", "pk": 60, "fields": {"item": 14, "status": "a", "condition": null}}, {"model": "core.iteminstance", "pk": 61, "fields": {"item": 14, "status": "a", "condition": null}}, {"model": "core.iteminstance", "pk": 62, "fields": {"item": 15, "status": "a", "condition": "poor"}}, {"model": "core.borrowing", "pk": 8, "fields": {"borrower": 2, "item": 28, "due_date": "2022-01-07T15:13:11", "overdue_fee": "0.00", "overdue_fee_payed": false, "borrowed": "2021-12-08T00:00:00", "returned": null}}, {"model": "core.borrowing", "pk": 9, "fields": {"borrower": 6, "item": 29, "due_date": "2022-01-07T15:13:20", "overdue_fee": "0.00", "overdue_fee_payed": false, "borrowed": "2021-12-08T00:00:00", "returned": null}}, {"model": "core.borrowing", "pk": 10, "fields": {"borrower": 2, "item": 52, "due_date": "2022-01-07T15:13:30", "overdue_fee": "0.00", "overdue_fee_payed": false, "borrowed": "2021-12-08T00:00:00", "returned": null}}, {"model": "core.borrowing", "pk": 11, "fields": {"borrower": 2, "item": 53, "due_date": "2022-01-07T15:13:36", "overdue_fee": "0.00", "overdue_fee_payed": false, "borrowed": "2021-12-08T00:00:00", "returned": null}}, {"model": "core.borrowing", "pk": 12, "fields": {"borrower": 6, "item": 33, "due_date": "2022-01-07T15:13:45", "overdue_fee": "0.00", "overdue_fee_payed": false, "borrowed": "2021-12-08T00:00:00", "returned": null}}, {"model": "core.borrowing", "pk": 13, "fields": {"borrower": 7, "item": 34, "due_date": "2022-01-07T15:13:50", "overdue_fee": "0.00", "overdue_fee_payed": false, "borrowed": "2021-12-08T00:00:00", "returned": null}}, {"model": "core.borrowing", "pk": 14, "fields": {"borrower": 5, "item": 46, "due_date": "2022-01-07T15:14:10", "overdue_fee": "0.00", "overdue_fee_payed": false, "borrowed": "2021-12-08T00:00:00", "returned": null}}]